﻿<?xml version="1.0"?>
<doc>
<assembly>
<name>
MyCSV
</name>
</assembly>
<members>
<member name="P:MyCSV.My.Resources.Resources.ResourceManager">
	<summary>
  Devuelve la instancia de ResourceManager almacenada en caché utilizada por esta clase.
</summary>
</member><member name="P:MyCSV.My.Resources.Resources.Culture">
	<summary>
  Reemplaza la propiedad CurrentUICulture del subproceso actual para todas las
  búsquedas de recursos mediante esta clase de recurso fuertemente tipado.
</summary>
</member><member name="T:MyCSV.My.Resources.Resources">
	<summary>
  Clase de recurso fuertemente tipado, para buscar cadenas traducidas, etc.
</summary>
</member>
</members>
</doc>